provinsi;kabkot;kecamatan;desa;id;organisasi;penggunaan;status_tan;pihak_terl;perusahaan;tipologi;tahapan;long;lat
BALI;BULELENG;GEROKGAK;SUMBERKIMA;5108012003;Serikat Petani Buleleng (SPB) -Serikat Tani Sumber Hidup;Pemukiman dan Pertanian;(blank);(blank);(blank);HGU Habis Perkebunan Swasta;Redistribusi;114.6105769;-8.157631547
BALI;BULELENG;GEROKGAK;SUMBERKLAMPOK;5108012001;Serikat Petani Buleleng (SPB) -Serikat Tani Sumber klampok (STS);pertanian, pemukiman;(blank);Pemerintah Daerah;PT. Margarana, PT. Dharmajati dan Pemprov Bali;HGU Habis Perkebunan Swasta - Aset Pemerintah Daerah;Redistribusi;114.4940472;-8.151013752
BALI;GIANYAR;PAYANGAN;PUHU;5104072004;Serikat Petani Selasih;pertanian, pemukiman;Tanah Negara;Pemerintah Daerah;Pemerintah Provinsi Bali;Aset Pemerintah Daerah;Pemetaan;115.2580469;-8.386357556
BANTEN;LEBAK;CIRINTEN;CIBARANI;3602272010;Rimbawan Muda Indonesia (RMI);Perkebunan, Persawahan;Tanah Adat;Perusahaan Kehutanan Negara;Perum Perhutani;Klaim Hutan Perhutani;Identifikasi;106.2062523;-6.675104786
BANTEN;LEBAK;LEUWIDAMAR;WANTISARI;3602062010;Pergerakan Petani Banten;Lahan Pertanian;Tanah Terlantar Bekas HGU;Perusahaan Perkebunan Swasta;PT. The Bantam & Preanger Rubber Co. Ltd;HGU Habis Perkebunan Swasta;Redistribusi;106.1866659;-6.491679038
BENGKULU;BENGKULU UTARA;HULU PALIK;BATU ROTO;1703192009;Serikat Tani Bengkulu (STaB);kebun dan pemukiman;Tanah Terlantar Bekas HGU;Perusahaan Perkebunan Swasta;PT. Mangkurajo;HGU Aktif Perkebunan Swasta;Identifikasi;102.3289818;-3.439234612
BENGKULU;BENGKULU UTARA;HULU PALIK;PEMATANG BALAM;1703192012;Serikat Tani Bengkulu (STaB);kebun dan pemukiman;Tanah Terlantar Bekas HGU;Perusahaan Perkebunan Swasta;PT. Mangkurajo;HGU Aktif Perkebunan Swasta;Pemetaan;102.3340372;-3.4202809
BENGKULU;BENGKULU UTARA;KETAHUN;PASAR KETAHUN;1703122002;Serikat Tani Bengkulu (STaB);kebun dan pemukiman;Tanah HGU Aktif;Perusahaan Perkebunan Swasta;PT. Pamor Ganda;HGU Aktif Perkebunan Swasta;Pemetaan;101.7997083;-3.322648508
BENGKULU;BENGKULU UTARA;PINANG RAYA;AIR SEBAYUR;1703242001;Serikat Tani Bengkulu (STaB);kebun dan pemukiman;Tanah HGU Aktif;Perusahaan Perkebunan Swasta;PT. Sandabi Indah Lestari;HGU Aktif Perkebunan Swasta;Identifikasi;101.9488244;-3.388077444
BENGKULU;BENGKULU UTARA;PUTRI HIJAU;KOTA BANI;1703142009;Serikat Tani Bengkulu (STaB);kebun dan pemukiman;Tanah HGU Aktif;Perusahaan Perkebunan Swasta;PT. Pamor Ganda;HGU Aktif Perkebunan Swasta;Pengorganisasian;101.656579;-3.239366829
JAMBI;BATANGHARI;BAJUBANG;BUNGKU;1504072001;Serikat Petani Batanghari (SPB);Pertanian, Perkebunan dan Pemukiman;Hutan Tanaman Industri;Perusahaan Kehutanan Swasta;"PT. Agronusa Alam Sejahtera
 PT. Wanakasita Nusantara
 PT. Restorasi Ekosistem Indonesia";Konsesi Hutan Konservasi Swasta;Identifikasi;103.3399066;-2.134852642
JAMBI;MUARO JAMBI;KUMPEH ULU;SUMBER JAYA;1505062017;Serikat Tani Kumpeh;Pertanian, Perkebunan dan Pemukiman;Tanah HGU Habis Swasta;Perusahaan Perkebunan Swasta;PT. FPIL;HGU Habis Perkebunan Swasta;Redistribusi;103.7703279;-1.605367755
JAMBI;MUARO JAMBI;MARO SEBO;DANAU LAMO;1505042006;Persatuan Petani Jambi (PPJ);perkebunan campuran (Akasia dan kelapa sawit;Tanah Hak Milik;Perusahaan Kehutanan Swasta;PT. Wirakarya Sakti;Konsesi Hutan Produksi;Identifikasi;103.6471245;-1.418728089
JAMBI;TANJUNG JABUNG BARAT;BETARA;PEMATANG LUMUT;1506042001;Persatuan Petani Jambi (PPJ);perkebunan;Hutan Tanaman Industri;Perusahaan Kehutanan Swasta;PT. Wirakarya Sakti;Konsesi Hutan Produksi;Pemetaan;103.4165891;-1.090753736
JAMBI;TANJUNG JABUNG BARAT;RENAH MENDALUH;LAMPISI;1506082004;Pemerintah Desa Lampisi;Pemukiman, Pertanian dan Perkebunan;Areal Penggunaan Lain;Kementerian Lingkungan Hidup dan Kehutanan;(blank);Salah Subjek Pelepasan Hutan;Pengorganisasian;102.9490954;-1.346152568
JAMBI;TANJUNG JABUNG BARAT;SENYERANG;SENYERANG;1506131001;Persatuan Petani Jambi (PPJ);Pemukiman, Pertanian dan Perkebunan;Hutan Tanaman Industri;Perusahaan Kehutanan Swasta;PT. Wirakarya Sakti;Konsesi Hutan Produksi;Pemetaan;103.1050113;-0.906589664
JAMBI;TANJUNG JABUNG BARAT;TUNGKAL ULU;KUALA DASAL;1506012003;Persatuan Petani Jambi (PPJ);perkebunan;Hutan Tanaman Industri;Perusahaan Kehutanan Swasta;PT. Wirakarya Sakti;Konsesi Hutan Produksi;Pengorganisasian;103.137889;-1.186710561
JAWA BARAT;CIAMIS;BANJARANYAR;BANJARANYAR;3207372002;Serikat Petani Pasundan (SPP Ciamis);pertanian, pemukiman;Tanah Terlantar Bekas HGU;Perusahaan Perkebunan Swasta;PT Jonggol Asri;HGU Habis Perkebunan Swasta;Identifikasi;108.5391953;-7.519640559
JAWA BARAT;CIAMIS;BANJARANYAR;CIGAYAM;3207372003;Serikat Petani Pasundan (SPP Ciamis);pertanian, pemukiman;Tanah Terlantar Bekas HGU;Perusahaan Perkebunan Swasta;PT Jonggol Asri;HGU Habis Perkebunan Swasta;Identifikasi;108.5633236;-7.506439258
JAWA BARAT;CIAMIS;BANJARANYAR;CIKASO;3207372007;Serikat Petani Pasundan (SPP Ciamis);pertanian, pemukiman;Tanah Terlantar Bekas HGU;Perusahaan Perkebunan Swasta;PT Jonggol Asri;HGU Habis Perkebunan Swasta;Identifikasi;108.5722927;-7.511490981
JAWA BARAT;CIAMIS;BANJARANYAR;KALIJAYA;3207372005;Serikat Petani Pasundan (SPP Ciamis);pertanian, pemukiman;Tanah Terlantar Bekas HGU;Perusahaan Perkebunan Swasta;PT Jonggol Asri;HGU Habis Perkebunan Swasta;Pengorganisasian;108.5349824;-7.55386511
JAWA BARAT;CIAMIS;BANJARANYAR;PASAWAHAN;3207372001;Serikat Petani Pasundan (SPP Ciamis);pertanian, pemukiman;Tanah Terlantar Bekas HGU;Perusahaan Perkebunan Swasta;PT Jonggol Asri;HGU Habis Perkebunan Swasta;Pemetaan;108.5776316;-7.547680719
JAWA BARAT;CIAMIS;CIHAURBEUTI;SUKAMAJU;3207062004;Serikat Petani Pasundan (SPP Ciamis);pertanian, pemukiman;Tanah Negara;Perusahaan Kehutanan Negara;Perum Perhutani;Klaim Hutan Perhutani;Redistribusi;108.2267969;-7.238619888
JAWA BARAT;CIAMIS;CIPAKU;MUKTISARI;3207112007;Serikat Petani Pasundan (SPP Ciamis);pertanian, pemukiman;Tanah Terlantar Bekas HGU;Perusahaan Perkebunan Swasta;PT. Maloya;HGU Habis Perkebunan Swasta;Pemetaan;108.3676404;-7.261975275
JAWA BARAT;CIAMIS;SUKADANA;MARGAHARJA;3207142003;Serikat Petani Pasundan (SPP Ciamis);pertanian, pemukiman;Tanah Negara;Perusahaan Kehutanan Negara;Perum Perhutani;Klaim Hutan Perhutani;Pengorganisasian;108.4546245;-7.250093515
JAWA BARAT;CIAMIS;TAMBAKSARI;KASO;3207162003;Serikat Petani Pasundan (SPP Ciamis);pertanian, pemukiman;Tanah Terlantar Bekas HGU;Perusahaan Perkebunan Swasta;PT Jonggol Asri;HGU Habis Perkebunan Swasta;Pengorganisasian;108.5637582;-7.242928564
JAWA BARAT;CIAMIS;TAMBAKSARI;SUKASARI;3207162005;Serikat Petani Pasundan (SPP Ciamis);pertanian, pemukiman;Tanah Terlantar Bekas HGU;Perusahaan Perkebunan Swasta;PT Jonggol Asri;HGU Habis Perkebunan Swasta;Redistribusi;108.5344887;-7.208423105
JAWA BARAT;CIANJUR;CAMPAKA;CIMENTENG;3203152002;Paguyuban Petani Cianjur (PPC);pemukiman, perkebunan dan pesawahan;Tanah Terlantar HGU Swasta;Perusahaan Perkebunan Swasta;PT. Harjasari;HGU Aktif Perkebunan Swasta;Identifikasi;107.054881;-6.972933307
JAWA BARAT;GARUT;CIBALONG;KARYASARI;3205292001;Serikat Petani Pasundan Garut (SPP Garut);pertanian, pemukiman;Tanah Terlantar Bekas HGU;Perusahaan Perkebunan Negara;PT. Perkebunan Nusantara VIII;HGU Habis Perkebunan Negara;Pengorganisasian;107.7945334;-7.666072078
JAWA BARAT;GARUT;CIBALONG;SAGARA;3205292005;Serikat Petani Pasundan Garut (SPP Garut);pertanian, pemukiman;Tanah Terlantar Bekas HGU;Perusahaan Perkebunan Negara;PT. Perkebunan Nusantara VIII;HGU Habis Perkebunan Negara;Pemetaan;107.8563999;-7.655242019
JAWA BARAT;GARUT;CIKAJANG;MARGAMULYA;3205222010;Serikat Petani Pasundan Garut (SPP Garut);Pertanian dan Perkebunan;(blank);Perusahaan Kehutanan Negara;Perum Perhutani;Klaim Hutan Perhutani;Pengorganisasian;107.7484233;-7.358307384
JAWA BARAT;GARUT;CILAWU;DANGIANG;3205192012;Serikat Petani Pasundan Garut (SPP Garut);pertanian, pemukiman, sekolah, rumah ibadah, jalan desa yang dibangun swadaya oleh masyarakat;Tanah Terlantar Bekas HGU;Perusahaan Perkebunan Negara;PT. Perkebunan Nusantara VIII;HGU Habis Perkebunan Negara;Pengorganisasian;107.8870316;-7.293310099
JAWA BARAT;GARUT;CILAWU;MEKARMUKTI;3205192008;Serikat Petani Pasundan Garut (SPP Garut);pertanian, pemukiman, sekolah, rumah ibadah, jalan desa yang dibangun swadaya oleh masyarakat;Tanah Terlantar Bekas HGU;Perusahaan Perkebunan Negara;PT. Perkebunan Nusantara VIII;HGU Habis Perkebunan Negara;Pemetaan;107.874735;-7.288301877
JAWA BARAT;GARUT;CILAWU;SUKAMUKTI;3205192002;Serikat Petani Pasundan Garut (SPP Garut);pertanian, pemukiman, sekolah, rumah ibadah, jalan desa yang dibangun swadaya oleh masyarakat;Tanah Terlantar Bekas HGU;Perusahaan Perkebunan Negara;PT. Perkebunan Nusantara VIII;HGU Habis Perkebunan Negara;Redistribusi;107.8788533;-7.290691339
JAWA BARAT;GARUT;KADUNGORA;GANDAMEKAR;3205102002;Serikat Petani Pasundan Garut (SPP Garut);pertanian, pemukiman;Tanah Negara;Perusahaan Kehutanan Negara;Perum Perhutani;Klaim Hutan Perhutani;Pengorganisasian;107.9026631;-7.064952334
JAWA BARAT;GARUT;KADUNGORA;MEKARBAKTI;3205102007;Serikat Petani Pasundan Garut (SPP Garut);pertanian, pemukiman;Tanah Negara;Perusahaan Kehutanan Negara;Perum Perhutani;Klaim Hutan Perhutani;Pemetaan;107.912363;-7.064093518
JAWA BARAT;GARUT;PASIRWANGI;SARIMUKTI;3205082011;Serikat Petani Pasundan Garut (SPP Garut);pertanian, pemukiman;Tanah Negara;Perusahaan Kehutanan Negara;Perum Perhutani;Klaim Hutan Perhutani;Pemetaan;107.7244343;-7.231194181
JAWA BARAT;INDRAMAYU;CIKEDUNG;LOYANG;3212042003;Serikat Tani Indramayu (STI);Pertanian dan pemukiman;Tanah Negara;Perusahaan Kehutanan Negara;Perum Perhutani;Klaim Hutan Perhutani;Pengorganisasian;108.1437966;-6.538791305
JAWA BARAT;INDRAMAYU;GANTAR;SANCA;3212252002;Serikat Tani Indramayu (STI);Pertanian dan pemukiman;Tanah Negara;Perusahaan Kehutanan Negara;Perum Perhutani;Klaim Hutan Perhutani;Pemetaan;107.8746407;-6.575594607
JAWA BARAT;INDRAMAYU;KROYA;KROYA;3212022002;Serikat Tani Indramayu (STI);Pertanian dan pemukiman;Tanah Negara;Perusahaan Kehutanan Negara;Perum Perhutani;Klaim Hutan Perhutani;Pengorganisasian;108.059449;-6.527499822
JAWA BARAT;INDRAMAYU;KROYA;TANJUNGKERTA;3212022001;Serikat Tani Indramayu (STI);Pertanian dan pemukiman;Tanah Negara;Perusahaan Kehutanan Negara;Perum Perhutani;Klaim Hutan Perhutani;Redistribusi;108.0281612;-6.508740424
JAWA BARAT;MAJALENGKA;DAWUAN;SALAWANA;3210122013;Serikat Petani Majalengka (SPM);Daratan;Tanah Terlantar Bekas HGU;Tentara Nasional Indonesia;Lanud Sugiri Sukani;Aset TNI;Pemetaan;108.2286522;-6.695730453
JAWA BARAT;MAJALENGKA;KERTAJATI;MEKARMULYA;3210142012;Serikat Petani Majalengka (SPM);Persawahan, Perkebunan;Tanah Negara;Perusahaan Kehutanan Negara;Perum Perhutani;Klaim Hutan Perhutani;Pemetaan;108.1125122;-6.597134131
JAWA BARAT;MAJALENGKA;KERTAJATI;SUKAMULYA;3210142009;Serikat Petani Majalengka (SPM);Persawahan, Perkebunan;Tanah Negara;Perusahaan Kehutanan Negara;Perum Perhutani;Objek Pembangunan Bandara;Redistribusi;108.1423621;-6.636678332
JAWA BARAT;MAJALENGKA;LIGUNG;CIBOGOR;3210162001;Serikat Petani Majalengka (SPM);Daratan;1084 Jiwa (pemilik Pemukiman),390 jiwa Pemilik Sawa;Tentara Nasional Indonesia;Lanud Sugiri Sukani;Aset TNI;Identifikasi;108.2312603;-6.685270505
JAWA BARAT;MAJALENGKA;LIGUNG;KERTASARI;3210162012;Serikat Petani Majalengka (SPM);Daratan;Tanah Terlantar Bekas HGU;Tentara Nasional Indonesia;Lanud Sugiri Sukani;Aset TNI;Pengorganisasian;108.2350423;-6.6747377
JAWA BARAT;PANGANDARAN;CIGUGUR;HARUMANDALA;3218042007;Serikat Petani Pasundan Tasikmalaya (SPP Tasikmalaya);pertanian, pemukiman;Tanah Negara;Perusahaan Kehutanan Negara;Perum Perhutani;Klaim Hutan Perhutani;Pengorganisasian;108.3644931;-7.563972187
JAWA BARAT;PANGANDARAN;CIGUGUR;KERTAJAYA;3218042004;Serikat Petani Pasundan Tasikmalaya (SPP Tasikmalaya);pemukiman, sawah, sarana umum, sarana ibadah, pendidikan dan kebun karet rakyat;Tanah Negara;Perusahaan Kehutanan Negara;Perum Perhutani;Klaim Hutan Perhutani;Pengorganisasian;108.372813;-7.639138072
JAWA BARAT;PANGANDARAN;CIGUGUR;PAGERBUMI;3218042003;Serikat Petani Pasundan Tasikmalaya (SPP Tasikmalaya);pemukiman, sawah, sarana umum, sarana ibadah, pendidikan dan kebun rakyat;Tanah Negara;Perusahaan Kehutanan Negara;Perum Perhutani;Klaim Hutan Perhutani;Pemetaan;108.3751364;-7.596623191
JAWA BARAT;PANGANDARAN;KALIPUCANG;PAMOTAN;3218082004;Serikat Petani Pasundan (SPP Pangandaran);pertanian, pemukiman;Tanah Negara;Perusahaan Kehutanan Negara;Perum Perhutani;Klaim Hutan Perhutani;Pemetaan;108.7766376;-7.671829409
JAWA BARAT;PANGANDARAN;LANGKAPLANCAR;BANGUNKARYA;3218052011;Serikat Petani Pasundan (SPP Pangandaran);pertanian, pemukiman;Tanah Hak Milik;Perusahaan Kehutanan Negara;Perum Perhutani;Klaim Hutan Perhutani;Identifikasi;108.4979535;-7.595612489
JAWA BARAT;PANGANDARAN;LANGKAPLANCAR;JADIKARYA;3218052009;Serikat Petani Pasundan (SPP Pangandaran);pertanian, pemukiman;Tanah Negara;Perusahaan Kehutanan Negara;Perum Perhutani;Klaim Hutan Perhutani;Pengorganisasian;108.4770393;-7.566281445
JAWA BARAT;PANGANDARAN;LANGKAPLANCAR;JADIMULYA;3218052008;Serikat Petani Pasundan (SPP Pangandaran);pertanian, pemukiman;Tanah Negara;Perusahaan Kehutanan Negara;Perum Perhutani;Klaim Hutan Perhutani;Pengorganisasian;108.480483;-7.622743158
JAWA BARAT;PANGANDARAN;PANGANDARAN;PURBAHAYU;3218092003;Serikat Petani Pasundan (SPP Pangandaran);pertanian, pemukiman;Tanah Negara;Perusahaan Kehutanan Negara;Perum Perhutani;Klaim Hutan Perhutani;Pemetaan;108.6490604;-7.656079506
JAWA BARAT;PANGANDARAN;PARIGI;SELASARI;3218012006;Serikat Petani Pasundan (SPP Pangandaran);pertanian, pemukiman;Tanah Negara;Perusahaan Kehutanan Negara;Perum Perhutani;Klaim Hutan Perhutani;Pemetaan;108.5299801;-7.605624032
JAWA BARAT;PANGANDARAN;SIDAMULIH;KERSARATU;3218102006;Serikat Petani Pasundan (SPP Pangandaran);pertanian, pemukiman;Tanah Negara;Perusahaan Kehutanan Negara;Perum Perhutani;Klaim Hutan Perhutani;Pengorganisasian;108.5823171;-7.609534389
JAWA BARAT;TASIKMALAYA;CIGALONTANG;TANJUNGKARANG;3206272015;Serikat Petani Pasundan Tasikmalaya (SPP Tasikmalaya);pemukiman, sawah, sarana umum, sarana ibadah, pendidikan dan kebun rakyat;Hutan Negara;Perusahaan Kehutanan Negara;Perum Perhutani;Klaim Hutan Perhutani;Redistribusi;107.9701256;-7.322722466
JAWA BARAT;TASIKMALAYA;CIKALONG;CIKADU;3206032007;Serikat Petani Pasundan Tasikmalaya (SPP Tasikmalaya);pemukiman, sawah, sarana umum, sarana ibadah, pendidikan dan kebun rakyat;Hutan Negara;Perusahaan Kehutanan Negara;Perum Perhutani;Klaim Hutan Perhutani;Identifikasi;108.2256088;-7.769620851
JAWA BARAT;TASIKMALAYA;CIKALONG;MANDALAJAYA;3206032008;Serikat Petani Pasundan Tasikmalaya (SPP Tasikmalaya);pemukiman, sawah, sarana umum, sarana ibadah, pendidikan dan kebun rakyat;Hutan Negara;Perusahaan Kehutanan Negara;Perum Perhutani;Klaim Hutan Perhutani;Pengorganisasian;108.1837635;-7.779504659
JAWA BARAT;TASIKMALAYA;CIKATOMAS;SINDANGASIH;3206052007;Serikat Petani Pasundan Tasikmalaya (SPP Tasikmalaya);pertanian, pemukiman,sekolah,Rumah Ibadah,Pesantren;Tanah Terlantar Bekas HGU;Perusahaan Perkebunan Negara;PT. Perkebunan Nusantara VIII;HGU Habis Perkebunan Negara;Redistribusi;108.3231237;-7.566741725
JAWA BARAT;TASIKMALAYA;CIPATUJAH;CIANDUM;3206012012;Serikat Petani Pasundan Tasikmalaya (SPP Tasikmalaya);pertanian, pemukiman;Tanah Terlantar Bekas HGU;Perusahaan Perkebunan Swasta;PT KPP Genteng;HGU Habis Perkebunan Swasta;Identifikasi;107.9990781;-7.716050937
JAWA BARAT;TASIKMALAYA;CIPATUJAH;CIHERAS;3206012001;Serikat Petani Pasundan Tasikmalaya (SPP Tasikmalaya);Pemukiman,sawah,sekolah,sarana ibadah, pendidikan, kebun rakyat;Tanah Negara;Perusahaan Kehutanan Negara;Perum Perhutani;Klaim Hutan Perhutani;Identifikasi;107.9456451;-7.720519656
JAWA BARAT;TASIKMALAYA;CIPATUJAH;NAGROG;3206012007;Serikat Petani Pasundan Tasikmalaya (SPP Tasikmalaya);(blank);Hutan Negara;Perusahaan Kehutanan Negara;Perum Perhutani;Klaim Hutan Perhutani;Pemetaan;108.0167025;-7.66073087
JAWA BARAT;TASIKMALAYA;KARANGNUNGGAL;KARANGNUNGGAL;3206022004;Serikat Petani Pasundan Tasikmalaya (SPP Tasikmalaya);pemukiman,pertanian;Tanah Terlantar Bekas HGU;Perusahaan Perkebunan Swasta;PT. Pernas;HGU Habis Perkebunan Swasta;Pengorganisasian;108.1379766;-7.645964974
JAWA BARAT;TASIKMALAYA;TARAJU;BANYUASIH;3206132006;Serikat Petani Pasundan Tasikmalaya (SPP Tasikmalaya);pemukiman, sawah, sarana umum, sarana ibadah, pendidikan dan kebun kopi rakyat;Tanah Negara;Perusahaan Kehutanan Negara;Perum Perhutani;Klaim Hutan Perhutani;Identifikasi;107.9607772;-7.454292125
JAWA TENGAH;BANYUMAS;AJIBARANG;DARMAKRADENAN;3302142001;Serikat Tani Amanat Penderitaan Rakyat (STAM AMPERA);perkebunan;Tanah Terlantar Bekas HGU;Perusahaan Perkebunan Swasta;PT. Rumpun Sari Antan;HGU Habis Perkebunan Swasta;Pengorganisasian;109.0337703;-7.421228465
JAWA TENGAH;BATANG;BANDAR;TUMBREP;3325022013;Forum Perjuangan Petani Batang (FPPB);perkebunan dan pesawahan;Tanah Terlantar Bekas HGU;Perusahaan Perkebunan Swasta;PT. Perusahaan Perkebunan Tratak;HGU Habis Perkebunan Swasta;Redistribusi;109.8137463;-7.05806201
JAWA TENGAH;BATANG;BLADO;BAWANG;3325032011;Forum Perjuangan Petani Batang (FPPB);Pertanian;Tanah Terlantar Bekas HGU;Perusahaan Perkebunan Swasta;"PT. Perkebunan Perindustrian Perdagangan
 PT. Pagilaran Unit Produksi Sidoharjo";HGU Habis Perkebunan Swasta;Identifikasi;109.82777;-7.08572512
JAWA TENGAH;BATANG;BLADO;BISMO;3325032005;Forum Perjuangan Petani Batang (FPPB);Pertanian;Tanah Terlantar Bekas HGU;Perusahaan Perkebunan Swasta;"PT. Perkebunan Perindustrian Perdagangan
 PT. Pagilaran Unit Produksi Sidoharjo";HGU Habis Perkebunan Swasta;Identifikasi;109.8359116;-7.12682078
JAWA TENGAH;BATANG;BLADO;GONDANG;3325032004;Forum Perjuangan Petani Batang (FPPB);Pertanian;Tanah Terlantar Bekas HGU;Perusahaan Perkebunan Swasta;"PT. Perkebunan Perindustrian Perdagangan
 PT. Pagilaran Unit Produksi Sidoharjo";HGU Habis Perkebunan Swasta;Pengorganisasian;109.8288758;-7.107045937
JAWA TENGAH;BATANG;BLADO;KALISARI;3325032007;Forum Perjuangan Petani Batang (FPPB);Pertanian;Tanah Terlantar Bekas HGU;Perusahaan Perkebunan Swasta;"PT. Perkebunan Perindustrian Perdagangan
 PT. Pagilaran Unit Produksi Sidoharjo";HGU Habis Perkebunan Swasta;Pengorganisasian;109.859669;-7.095539522
JAWA TENGAH;BATANG;SUBAH;GONDANG;3325092023;Forum Perjuangan Petani Batang (FPPB);Pertanian;Tanah Sedimentasi;Perusahaan Kehutanan Negara;Perum Perhutani;Klaim Hutan Perhutani;Pengorganisasian;109.868195;-6.935383022
JAWA TENGAH;BATANG;SUBAH;KURIPAN;3325092024;Forum Perjuangan Petani Batang (FPPB);Pertanian;Tanah Sedimentasi;Perusahaan Kehutanan Negara;Perum Perhutani;Klaim Hutan Perhutani;Pengorganisasian;109.891571;-6.928672742
JAWA TENGAH;BATANG;SUBAH;SUBAH;3325092011;Forum Perjuangan Petani Batang (FPPB);Persawahan;Tanah Sedimentasi;Perusahaan Kehutanan Negara;Perum Perhutani;Klaim Hutan Perhutani;Redistribusi;109.8713077;-6.972655895
JAWA TENGAH;BOYOLALI;KEMUSU;BAWU;3309172005;Serikat Paguyuban Petani Qaryah Thayyibah (SPPQT);Pemukiman, Pertanian;Hutan Negara;Perusahaan Kehutanan Negara;Perum Perhutani;Klaim Hutan Perhutani;Identifikasi;110.7349892;-7.31152719
JAWA TENGAH;CILACAP;BANTARSARI;BANTARSARI;3301202002;Lembaga Penelitian Pengembangan Sumberdaya dan Lingkungan Hidup (LPPSLH);Pertanian (Sawah);Hak Garap;Pemerintah Daerah;(blank);Klaim Hutan Perhutani;Identifikasi;108.8661019;-7.59150255
JAWA TENGAH;CILACAP;BANTARSARI;CITEMBONG;3301202005;Serikat Tani Mandiri (SETAM);Pertanian;Tanah Sedimentasi;Perusahaan Kehutanan Negara;Perum Perhutani;Klaim Hutan Perhutani;Identifikasi;108.9453385;-7.481568818
JAWA TENGAH;CILACAP;CIMANGGU;KARANGREJA;3301132013;Serikat Tani Mandiri (SETAM);Pemukiman, Pertanian;Tanah Sendimentasi;Perusahaan Perkebunan Negara;PT. Perkebunan Nusantara IX;HGU Habis Perkebunan Negara;Pengorganisasian;108.793837;-7.354913571
JAWA TENGAH;CILACAP;CIPARI;CISURU;3301182004;PP. SeTAM;Sawah, pekarangan;Tanah Terlantar Bekas HGU;Perusahaan Perkebunan Swasta;PT. Rumpun Sari Antan;HGU Habis Perkebunan Swasta;Identifikasi;108.7331778;-7.38506742
JAWA TENGAH;CILACAP;CIPARI;KARANGREJA;3301182010;Serikat Tani Mandiri (SETAM);Pemukiman, Pertanian;Tanah Sendimentasi;Perusahaan Perkebunan Swasta;PT. Rumpun Sari Antan;HGU Habis Perkebunan Swasta;Pengorganisasian;108.807308;-7.413500207
JAWA TENGAH;CILACAP;CIPARI;KUTASARI;3301182009;PP. SeTAM;Sawah;Tanah Terlantar Bekas HGU;Perusahaan Perkebunan Swasta;PT. Rumpun Sari Antan;HGU Habis Perkebunan Swasta;Pengorganisasian;108.8301775;-7.390791613
JAWA TENGAH;CILACAP;CIPARI;MEKARSARI;3301182008;Serikat Tani Mandiri (SETAM);Perumahan;Tanah Terlantar Bekas HGU;Perusahaan Perkebunan Swasta;PT. Rumpun Sari Antan;HGU Habis Perkebunan Swasta;Pemetaan;108.74408;-7.394496442
JAWA TENGAH;CILACAP;CIPARI;MULYADADI;3301182007;PP. SeTAM;Sawah, pekarangan;Tanah Terlantar Bekas HGU;Perusahaan Perkebunan Swasta;PT. Rumpun Sari Antan;HGU Habis Perkebunan Swasta;Pemetaan;108.7481468;-7.42737551
JAWA TENGAH;CILACAP;CIPARI;SIDASARI;3301182011;Serikat Tani Mandiri (SETAM);Pemukiman, Pertanian;Tanah Sendimentasi;Perusahaan Perkebunan Swasta;PT. Perkebunan Ciseru;HGU Habis Perkebunan Swasta;Pemetaan;108.7790086;-7.385230135
JAWA TENGAH;CILACAP;DAYEUHLUHUR;DAYEUHLUHUR;3301162004;Serikat Tani Mandiri (SETAM);Pemukiman, Pertanian;Tanah Sendimentasi;Perusahaan Perkebunan Negara;PT. Perkebunan Nusantara IX;HGU Habis Perkebunan Negara;Pengorganisasian;108.61561;-7.258714473
JAWA TENGAH;CILACAP;GANDRUNGMANGU;CISUMUR;3301102003;Serikat Tani Mandiri (SETAM);Pertanian;Tanah Sedimentasi;Perusahaan Kehutanan Negara;Perum Perhutani;Klaim Hutan Perhutani;Identifikasi;108.823211;-7.53490621
JAWA TENGAH;CILACAP;GANDRUNGMANGU;SIDAURIP;3301102008;Serikat Tani Mandiri (SETAM);Pertanian;Tanah Sedimentasi;Perusahaan Kehutanan Negara;Perum Perhutani;Klaim Hutan Perhutani;Redistribusi;108.8346932;-7.570349876
JAWA TENGAH;CILACAP;JERUKLEGI;SAWANGAN;3301082011;PP. SeTAM;Pekarangan dan sawah;Tanah Terlantar Bekas HGU;Perusahaan Perkebunan Swasta;PT. Adiwiyata Panca Arga;HGU Habis Perkebunan Swasta;Pemetaan;108.9917957;-7.586748541
JAWA TENGAH;CILACAP;KAWUNGANTEN;BABAKAN;3301092014;Serikat Tani Mandiri (SETAM);Pemukiman, Pertanian;Tanah Negara;Perusahaan Kehutanan Negara;Perum Perhutani;Klaim Hutan Perhutani;Identifikasi;108.9374282;-7.662035841
JAWA TENGAH;CILACAP;KAWUNGANTEN;BRINGKENG;3301092002;Serikat Tani Mandiri (SETAM);Pemukiman, Pertanian;Tanah Negara;Perusahaan Kehutanan Negara;Perum Perhutani;Klaim Hutan Perhutani;Identifikasi;108.9151291;-7.634028418
JAWA TENGAH;CILACAP;KAWUNGANTEN;GRUGU;3301092001;Serikat Tani Mandiri (SETAM);Pemukiman, Pertanian;Tanah Negara;Perusahaan Kehutanan Negara;Perum Perhutani;Klaim Hutan Perhutani;Pengorganisasian;108.9084797;-7.650851968
JAWA TENGAH;CILACAP;PATIMUAN;BULUPAYUNG;3301192006;Serikat Tani Mandiri (SETAM);Pemukiman, Pertanian;Tanah Sedimentasi;Perusahaan Kehutanan Negara;Perum Perhutani;Klaim Hutan Perhutani;Identifikasi;108.8043282;-7.592381616
JAWA TENGAH;CILACAP;PATIMUAN;CIMRUTU;3301192007;Serikat Tani Mandiri (SETAM);Pemukiman, Pertanian;Tanah Sedimentasi;Perusahaan Kehutanan Negara;Perum Perhutani;Klaim Hutan Perhutani;Identifikasi;108.800654;-7.625150931
JAWA TENGAH;CILACAP;PATIMUAN;CINYAWANG;3301192005;Serikat Tani Mandiri (SETAM);Pemukiman;Tanah bekas HPL;Pemerintah Daerah;Dinas Perairan;Aset Pemerintah Daerah;Identifikasi;108.7666729;-7.574436251
JAWA TENGAH;CILACAP;PATIMUAN;RAWAAPU;3301192002;Serikat Tani Mandiri (SETAM);Pemukiman, Pertanian;Tanah Sedimentasi;Perusahaan Kehutanan Negara;Perum Perhutani;Klaim Hutan Perhutani;Pemetaan;108.7773364;-7.640175197
JAWA TENGAH;CILACAP;WANAREJA;BANTAR;3301152002;Serikat Tani Mandiri (SETAM);Pemukiman, Pertanian;Tanah Terlantar Bekas HGU;Perusahaan Perkebunan Negara;PT. Perkebunan Nusantara IX;HGU Habis Perkebunan Negara;Identifikasi;108.7104302;-7.366395657
JAWA TENGAH;KENDAL;PAGERUYUNG;SUROKONTO KULON;3324022013;Lembaga Bantuan Hukum Semarang (LBH SEMARANG);Pertanian;Tanah Hak Milik;Perusahaan Perkebunan Swasta;PT Sumur Pitu Wringinsari, PT Semen Indonesia, Perhutani & Pemda;HGU Aktif Perkebunan Swasta;Redistribusi;110.0352053;-7.011220836
JAWA TENGAH;KENDAL;PAGERUYUNG;SUROKONTO WETAN;3324022010;Lembaga Bantuan Hukum Semarang (LBH SEMARANG);Pertanian;Tanah Hak Milik;Perusahaan Perkebunan Swasta;PT Sumur Pitu Wringinsari, PT Semen Indonesia, Perhutani & Pemda;HGU Aktif Perkebunan Swasta;Redistribusi;110.0497859;-7.019862157
JAWA TENGAH;KENDAL;SINGOROJO;BANYURINGIN;3324052005;Lembaga Bantuan Hukum Semarang (LBH SEMARANG);Pertanian;Tanah Hak Milik;Perusahaan Perkebunan Negara;PT. Pekebunan Nusantara IX;HGU Habis Perkebunan Negara;Identifikasi;110.2098164;-7.114082214
JAWA TENGAH;KENDAL;SINGOROJO;KALIREJO;3324052010;Forum Petani Persatuan Kendal (FPPK);Pemukiman, Pertanian;Tanah Negara;Perusahaan Kehutanan Negara;Perum Perhutani;Klaim Hutan Perhutani;Pengorganisasian;110.2264958;-7.065174906
JAWA TENGAH;MAGELANG;SALAMAN;NGARGORETNO;3308012001;PP. SeTAM;(blank);Tanah Terlantar Bekas HGU;Perusahaan Perkebunan Swasta;(blank);HGU Habis Perkebunan Swasta;Pemetaan;110.1488796;-7.636002044
JAWA TENGAH;PEMALANG;BELIK;SIKASUR;3327032011;Sarekat Pengorganisasian Rakyat (SPR);perkebunan, pesawahan, galian C, pemukiman;Tanah Terlantar Bekas HGU;Perusahaan Perkebunan Swasta;PT. Kencana Sikasur;HGU Habis Perkebunan Swasta;Redistribusi;109.3091858;-7.118001341
JAWA TENGAH;PEMALANG;PETARUKAN;KLAREYAN;3327102018;Serikat Tani Independen Pemalang (STIP);tambak, kebun dan sawah;Tanah Terlantar Bekas HGU;Perusahaan Perkebunan Swasta;PT. Mackenzie;HGU Habis Perkebunan Swasta;Pengorganisasian;109.474575;-6.848553672
JAWA TENGAH;SEMARANG;GETASAN;BATUR;3322012002;Serikat Paguyuban Petani Qaryah Thayyibah (SPPQT);Pemukiman, Pertanian;Hutan Negara;Perusahaan Kehutanan Negara;Perum Perhutani;Klaim Hutan Perhutani;Identifikasi;110.436193;-7.403497407
JAWA TENGAH;SEMARANG;PRINGAPUS;WONOREJO;3322152006;Serikat Paguyuban Petani Qaryah Thayyibah (SPPQT);Pemukiman, Pertanian;Tanah Negara;Perusahaan Kehutanan Negara;Perum Perhutani;Klaim Hutan Perhutani;Redistribusi;110.4924331;-7.160050313
JAWA TENGAH;SRAGEN;SAMBIREJO;JETIS;3314052003;Forum Peduli Kebenaran dan Keadilan Sambirejo (FPKKS);Pemukiman, Pertanian;Tanah Terlantar Bekas HGU;Perusahaan Perkebunan Negara;PT. Perkebunan Nusantara IX Kerjoarum;HGU Habis Perkebunan Negara;Pengorganisasian;111.1090456;-7.519439192
JAWA TIMUR;BANYUWANGI;TEGALDLIMO;KEDUNGASRI;3510042003;Pemerintah Desa Kedungasri;perumahan, peribadahan dan persawahan;Tanah Hak Milik;Perusahaan Kehutanan Negara;Perum Perhutani;Klaim Hutan Perhutani;Pengorganisasian;114.3414163;-8.534861476
JAWA TIMUR;BLITAR;DOKO;SIDOREJO;3505182008;Paguyuban Petani Aryo Blitar (PPAB) dan Sitas Desa;Pemukiman, Pertanian;Tanah HGU Aktif;Perusahaan Perkebunan Swasta;PT. Gapri;HGU Aktif Perkebunan Swasta;Redistribusi;112.3919417;-8.061803487
JAWA TIMUR;BLITAR;GANDUSARI;SUMBERAGUNG;3505152001;Paguyuban Petani Aryo Blitar (PPAB) dan Sitas Desa;Pertanian;Tanah Terlantar Bekas HGU;Perusahaan Perkebunan Swasta;PT. Rotorejo Kruwuk;HGU Habis Perkebunan Swasta;Redistribusi;112.2714911;-8.050155253
JAWA TIMUR;BLITAR;WATES;RINGINREJO;3505202004;Paguyuban Petani Aryo Blitar (PPAB) dan Sitas Desa;Pertanian;Tanah Hak Milik;Perusahaan Perkebunan Swasta;PT. Perkebunan Gondang Tapen/Perthutani/PT Semen Holcim (Tukar Guling);HGU Habis Perkebunan Swasta;Pemetaan;112.3337875;-8.304483258
JAWA TIMUR;JEMBER;AJUNG;MANGARAN;3509172002;Serikat Tani Independen (SEKTI);persawahan,pemukiman;Tanah Terlantar Bekas HGU;Perusahaan Perkebunan Negara;PT. Perkebunan Nusantara XII;HGU Aktif Perkebunan Negara;Pengorganisasian;113.6221806;-8.26436934
JAWA TIMUR;JEMBER;AMBULU;SABRANG;3509122002;Serikat Tani Independen (SEKTI);perkebunan, pemukiman, pesawahan, peternakan;Tanah Negara;Perusahaan Kehutanan Negara;Perum Perhutani;Klaim Hutan Perhutani;Pemetaan;113.614795;-8.413432576
JAWA TIMUR;JEMBER;MUMBULSARI;MUMBULSARI;3509232004;Serikat Tani Independen (SEKTI);persawahan,pemukiman;Tanah Terlantar Bekas HGU;Perusahaan Perkebunan Negara;PT. Perkebunan Nusantara XII;HGU Habis Perkebunan Negara;Pemetaan;113.7327319;-8.253708513
JAWA TIMUR;JEMBER;PANTI;SUCI;3509142005;Serikat Tani Independen (SEKTI);perkebunan;Tanah Terlantar Bekas HGU;Perusahaan Perkebunan Swasta;PT. Perkebunan Nusantara XII;HGU Habis Perkebunan Negara;Redistribusi;113.6185667;-8.061272415
JAWA TIMUR;JEMBER;RAMBIPUJI;NOGOSARI;3509132001;Serikat Tani Independen (SEKTI);perkebunan;Tanah HGU Aktif;Perusahaan Perkebunan Negara;PT. Perkebunan Nusantara XII;HGU Aktif Perkebunan Negara;Pemetaan;113.5865988;-8.261126877
JAWA TIMUR;JEMBER;SILO;MULYOREJO;3509302006;Serikat Tani Independen (SEKTI);Pertanian;Tanah Hak Milik;Perusahaan Kehutanan Negara;Perum Perhutani;Klaim Hutan Perhutani;Pemetaan;113.8610922;-8.327086517
JAWA TIMUR;JEMBER;TEMPUREJO;CURAHNONGKO;3509182006;Serikat Tani Independen (SEKTI);perkebunan, pemukiman, pesawahan, peternakan;Tanah Hak Milik;Perusahaan Perkebunan Negara;PT. Perkebunan Nusantara XII;HGU Aktif Perkebunan Negara;Identifikasi;113.6803651;-8.420471758
JAWA TIMUR;JEMBER;TEMPUREJO;CURAHTAKIR;3509182007;Serikat Tani Independen (SEKTI);perkebunan, pemukiman, pesawahan, peternakan;Tanah Hak Milik;Perusahaan Perkebunan Negara;PT. Perkebunan Nusantara XII;HGU Aktif Perkebunan Negara;Identifikasi;113.7462472;-8.332638194
JAWA TIMUR;KEDIRI;PLOSOKLATEN;SEPAWON;3506092015;Serikat Rakyat Kediri Berdaulat (SRKB);Pemukiman, Pertanian;Tanah Terlantar Bekas HGU;Perusahaan Perkebunan Negara;PT. Perkebunan Nusantara XII;HGU Aktif Perkebunan Negara;Pemetaan;112.2337012;-7.904122422
JAWA TIMUR;KEDIRI;PUNCU;SATAK;3506082008;Serikat Rakyat Kediri Berdaulat (SRKB);Pemukiman, Pertanian;Tanah Terlantar Bekas HGU;Perusahaan Perkebunan Negara;PT. Perkebunan Nusantara XII;HGU Aktif Perkebunan Negara;Pemetaan;112.2422299;-7.872888718
JAWA TIMUR;LUMAJANG;PASRUJAMBE;PASRUJAMBE;3508112001;Konsorsium Pembaruan Agraria;Pemukiman, Pertanian;Tanah Hak Milik;Perusahaan Kehutanan Negara;Perum Perhutani;Klaim Hutan Perhutani;Pemetaan;112.9716227;-8.086325467
JAWA TIMUR;LUMAJANG;PRONOJIWO;SUPITURANG;3508022006;Konsorsium Pembaruan Agraria;Pemukiman, Pertanian;Tanah Negara;Perusahaan Kehutanan Negara;Perum Perhutani;Klaim Hutan Perhutani;Redistribusi;112.9841486;-8.157579303
JAWA TIMUR;MOJOKERTO;PACET;PACET;3516032005;Konsorsium Pembaruan Agraria;Pemukiman, Pertanian;Tanah Negara;Perusahaan Kehutanan Negara;Perum Perhutani;Klaim Hutan Perhutani;Pemetaan;112.5398478;-7.671613977
JAWA TIMUR;TULUNGAGUNG;GONDANG;SIDEM;3504092014;Konsorsium Pembaruan Agraria;Pemukiman, Pertanian;Tanah Hak Milik;Perusahaan Kehutanan Negara;Perum Perhutani;Klaim Hutan Perhutani;Redistribusi;111.7988467;-8.056200123
KALIMANTAN BARAT;SANGGAU;NOYAN;SUNGAI DANGIN;6103032004;Konsorsium Pembaruan Agraria;pertanian, pemukiman;Hutan Lindung;Kementerian Lingkungan Hidup dan Kehutanan;(blank);Penetapan Hutan Lindung;Redistribusi;110.6075967;0.705268225
LAMPUNG;LAMPUNG SELATAN;KETAPANG;KARANG SARI;1801142003;Forum Masyarakat Register (FORMASTER);Pemukiman dan Pertanian;Hutan Produksi;Kementerian Lingkungan Hidup dan Kehutanan;(blank);Penetapan Hutan Produksi;Pengorganisasian;105.7247287;-5.74389564
LAMPUNG;LAMPUNG SELATAN;KETAPANG;KEMUKUS;1801142014;Forum Masyarakat Register (FORMASTER);Pemukiman dan Pertanian;Hutan Produksi;Kementerian Lingkungan Hidup dan Kehutanan;(blank);Penetapan Hutan Produksi;Pengorganisasian;105.7499055;-5.707686064
LAMPUNG;LAMPUNG SELATAN;KETAPANG;LEBUNG NALA;1801142015;Forum Masyarakat Register (FORMASTER);Pemukiman dan Pertanian;Hutan Produksi;Kementerian Lingkungan Hidup dan Kehutanan;(blank);Penetapan Hutan Produksi;Pengorganisasian;105.7680592;-5.691408017
LAMPUNG;LAMPUNG SELATAN;PALAS;PEMATANG BARU;1801102016;Forum Masyarakat Register (FORMASTER);Pemukiman dan Pertanian;Hutan Produksi;Kementerian Lingkungan Hidup dan Kehutanan;(blank);Penetapan Hutan Produksi;Pemetaan;105.6949235;-5.661493356
LAMPUNG;LAMPUNG SELATAN;PENENGAHAN;GANDRI;1801092026;Forum Masyarakat Register (FORMASTER);penmukiman dan pertanian;Hutan Produksi;Kementerian Lingkungan Hidup dan Kehutanan;(blank);Penetapan Hutan Produksi;Pengorganisasian;105.7277629;-5.703707943
LAMPUNG;TULANG BAWANG;BANJAR MARGO;AGUNG JAYA;1805202010;Serikat Tani Korban Penggusuran Pt. Bnil (STKGB);ladang;Tanah HGU Aktif;Perusahaan Perkebunan Swasta;PT. Bangun Nusa Indah Lampung;HGU Aktif Perkebunan Swasta;Identifikasi;105.2407082;-4.216573729
LAMPUNG;TULANG BAWANG;BANJAR MARGO;BUJUK AGUNG;1805202001;Serikat Tani Korban Penggusuran Pt. Bnil (STKGB);ladang;Tanah HGU Aktif;Perusahaan Perkebunan Swasta;PT. Bangun Nusa Indah Lampung;HGU Aktif Perkebunan Swasta;Identifikasi;105.2360265;-4.201122037
SULAWESI SELATAN;LUWU TIMUR;ANGKONA;MANTADULU;7324052005;Konsorsium Pembaruan Agraria;Dijadikan Kebun Sawit;Tanah Hak Milik Transmigrasi;Perusahaan Perkebunan Negara;PT. Perkebunan Nusantara XIV;HGU Aktif Perkebunan Negara;Pengorganisasian;120.9354537;-2.451022581
SULAWESI SELATAN;LUWU TIMUR;MALILI;HARAPAN;7324042001;Konsorsium Pembaruan Agraria;Perkebunan dan pemukiman;Tanah Hak Milik Transmigrasi;Perusahaan Perkebunan Negara;PT. Perkebunan Nusantara XIV;HGU Aktif Perkebunan Negara;Pengorganisasian;121.0990011;-2.749569298
SULAWESI SELATAN;LUWU TIMUR;NUHA;MATANO;7324022005;Perkumpulan WALLACEA Palopo;Persawahan,pemukiman,peternakan,hutan,danau,perkebunan;Tanah Adat;Perusahaan Kehutanan Swasta;PT. Vale Indonesia;Konsesi Hutan Produksi;Pemetaan;121.1601051;-2.404970707
SULAWESI SELATAN;LUWU TIMUR;NUHA;NUHA;7324022001;Perkumpulan WALLACEA Palopo;Persawahan,pemukiman,peternakan,hutan,danau,perkebunan;Tanah Adat;Perusahaan Kehutanan Swasta;PT. Vale Indonesia;Konsesi Hutan Produksi;Pemetaan;121.4029604;-2.441055195
SULAWESI SELATAN;LUWU UTARA;MAPPEDECENG;URASO;7322102005;Perkumpulan WALLACEA Palopo;Pemukiman,pertanian/perkebunan dan peternakan;Tanah Adat;Perusahaan Perkebunan Negara;PT. Perkebunan Nusantara XIV;HGU Aktif Perkebunan Negara;Redistribusi;120.4417627;-2.486854142
SULAWESI SELATAN;LUWU UTARA;RAMPI;DODOLO;7322092004;Perkumpulan Wallacea Palopo, SLPP Tokalekaju;perkebunan, pemukiman, pesawahan, peternakan, Fasum;Tanah Adat;Perusahaan Tambang Swasta;"PT. Kalla Arebama
 PT. Citra Palu Minerals";Konsesi Tambang Emas;Pengorganisasian;120.2348065;-2.145401046
SULAWESI SELATAN;LUWU UTARA;RAMPI;LEBONI;7322092003;Perkumpulan Wallacea Palopo, SLPP Tokalekaju;perkebunan, pemukiman, pesawahan, peternakan, Fasum;Tanah Adat;Perusahaan Tambang Swasta;"PT. Kalla Arebama
 PT. Citra Palu Minerals";Konsesi Tambang Emas;Pengorganisasian;120.411142;-2.117331539
SULAWESI SELATAN;LUWU UTARA;RAMPI;ONONDOWA;7322092002;Perkumpulan Wallacea Palopo, SLPP Tokalekaju;perkebunan, pemukiman, pesawahan, peternakan, Fasum;Tanah Adat;Perusahaan Tambang Swasta;"PT. Kalla Arebama
 PT. Citra Palu Minerals";Konsesi Tambang Emas;Pemetaan;120.2996459;-2.093442175
SULAWESI SELATAN;LUWU UTARA;RAMPI;RAMPI;7322092001;Perkumpulan Wallacea Palopo, SLPP Tokalekaju;perkebunan, pemukiman, pesawahan, peternakan, Fasum;Tanah Adat;Perusahaan Tambang Swasta;"PT. Kalla Arebama
 PT. Citra Palu Minerals";Konsesi Tambang Emas;Pemetaan;120.1950068;-2.144056602
SULAWESI SELATAN;LUWU UTARA;RAMPI;SULAKU;7322092005;Perkumpulan Wallacea Palopo, SLPP Tokalekaju;perkebunan, pemukiman, pesawahan, peternakan, Fasum;Tanah Adat;Perusahaan Tambang Swasta;"PT. Kalla Arebama
 PT. Citra Palu Minerals";Konsesi Tambang Emas;Redistribusi;120.3118692;-2.144182624
SULAWESI SELATAN;LUWU UTARA;RAMPI;TEDEBOE;7322092006;Perkumpulan Wallacea Palopo, SLPP Tokalekaju;perkebunan, pemukiman, pesawahan, peternakan, Fasum;Tanah Adat;Perusahaan Tambang Swasta;"PT. Kalla Arebama
 PT. Citra Palu Minerals";Konsesi Tambang Emas;Redistribusi;120.1244817;-2.147544131
SULAWESI SELATAN;LUWU UTARA;SEKO;LODANG;7322072009;Perkumpulan WALLACEA Palopo;Pemukiman,pertanian/perkebunan, persawahan, Kolam Ikan/empang dan peternakan/pengembalaan;Tanah Adat;Perusahaan Perkebunan Swasta;PT. Seko Fajar Plantation;HGU Aktif Perkebunan Swasta;Pengorganisasian;119.987311;-2.385588293
SULAWESI SELATAN;LUWU UTARA;SEKO;MARANTE;7322072012;Perkumpulan WALLACEA Palopo;Pemukiman,pertanian/perkebunan, persawahan, Kolam Ikan/empang dan peternakan/pengembalaan;Tanah Adat;Perusahaan Perkebunan Swasta;PT. Seko Fajar Plantation;HGU Aktif Perkebunan Swasta;Pengorganisasian;119.937467;-2.093927512
SULAWESI SELATAN;LUWU UTARA;SEKO;PADANG BALUA;7322072004;Perkumpulan WALLACEA Palopo;Pemukiman,pertanian/perkebunan, persawahan, Kolam Ikan/empang dan peternakan/pengembalaan;Tanah Adat;Perusahaan Perkebunan Swasta;PT. Seko Fajar Plantation;HGU Aktif Perkebunan Swasta;Pemetaan;119.9141215;-2.255611766
SULAWESI SELATAN;LUWU UTARA;SEKO;PADANG RAYA;7322072005;Perkumpulan WALLACEA Palopo;Pemukiman,pertanian/perkebunan, persawahan, Kolam Ikan/empang dan peternakan/pengembalaan;Tanah Adat;Perusahaan Perkebunan Swasta;PT. Seko Fajar Plantation;HGU Aktif Perkebunan Swasta;Pemetaan;119.9178186;-2.294650046
SULAWESI SELATAN;LUWU UTARA;SEKO;TALOTO;7322072010;Perkumpulan WALLACEA Palopo;Pemukiman,pertanian/perkebunan, persawahan, Kolam Ikan/empang dan peternakan/pengembalaan;Tanah Adat;Perusahaan Perkebunan Swasta;PT. Seko Fajar Plantation;HGU Aktif Perkebunan Swasta;Redistribusi;120.0312077;-2.205340292
SULAWESI SELATAN;WAJO;KEERA;AWO;7313142008;Forum Rakyat Bersatu (FRB) Keera.;pertanian, pemukiman;Tanah HGU Aktif;Perusahaan Perkebunan Negara;PT. Perkebunan Nusantara XIV;HGU Habis Perkebunan Negara;Identifikasi;120.2092911;-3.778232329
SULAWESI SELATAN;WAJO;KEERA;AWOTA;7313142002;Forum Rakyat Bersatu (FRB) Keera.;pertanian, pemukiman;Tanah HGU Aktif;Perusahaan Perkebunan Negara;PT. Perkebunan Nusantara XIV;HGU Habis Perkebunan Negara;Identifikasi;120.2706676;-3.755998863
SULAWESI SELATAN;WAJO;KEERA;CIROMANIE;7313142009;Forum Rakyat Bersatu (FRB) Keera.;pertanian, pemukiman;Tanah HGU Aktif;Perusahaan Perkebunan Negara;PT. Perkebunan Nusantara XIV;HGU Habis Perkebunan Negara;Identifikasi;120.2913754;-3.81506967
SULAWESI SELATAN;WAJO;KEERA;INRELLO;7313142006;Forum Rakyat Bersatu (FRB) Keera.;pertanian, pemukiman;Tanah HGU Aktif;Perusahaan Perkebunan Negara;PT. Perkebunan Nusantara XIV;HGU Habis Perkebunan Negara;Pengorganisasian;120.3010118;-3.859014863
SULAWESI SELATAN;WAJO;KEERA;LABAWANG;7313142010;Forum Rakyat Bersatu (FRB) Keera.;pertanian, pemukiman;Tanah HGU Aktif;Perusahaan Perkebunan Negara;PT. Perkebunan Nusantara XIV;HGU Habis Perkebunan Negara;Pengorganisasian;120.350349;-3.808083745
SULAWESI TENGAH;BANGGAI;BUNTA;BOHOTOKONG;7201022015;Ortabun;Pertanian;Tanah Terlantar Bekas HGU;Perusahaan Perkebunan Swasta;PT. Anugerah Saritama Abadi;HGU Aktif Perkebunan Swasta;Identifikasi;122.1611705;-0.876763224
SULAWESI TENGAH;POSO;PAMONA TENGGARA;BARATI;7202262009;Solidaritas Perempuan Sintuwu Raya Poso;Perkebunan Warga & Peternakan;Tanah Adat;Perusahaan Perkebunan Swasta;PT. Sawit Jaya Abadi;HGU Aktif Perkebunan Swasta;Identifikasi;120.8165832;-2.067556982
SULAWESI TENGAH;SIGI;KINOVARO;BOLOBIA;7210132005;Serikat Tani Bolobia;perkebunan, pemukiman, pesawahan, peternakan;Tanah Adat;Balai Konservasi Sumber Daya Alam;(blank);Penetapan Hutan Lindung;Identifikasi;119.7961443;-0.984468322
SULAWESI TENGAH;SIGI;PALOLO;TONGOA;7210022016;Forum Petani Merdeka (FPM);PERKEBUNAN DAN PETERNAKAN;Tanah Hak Milik Transmigrasi;Balai Konservasi Sumber Daya Alam;(blank);Penetapan Hutan Lindung;Redistribusi;120.1849274;-1.224195146
SULAWESI TENGAH;TOLITOLI;LAMPASIO;LAMPASIO;7204062004;Forum Petani Cengkeh;pesawahan;Tanah Hak Milik;Perusahaan Perkebunan Swasta;PT. Citra Mulia Perkasa;HGU Aktif Perkebunan Swasta;Pengorganisasian;120.774096;0.884557741
SULAWESI TENGGARA;KOLAKA;BAULA;PUULEMO;7401122004;Forsda Kolaka;perkebunan;Hutan Lindung;Kementerian Lingkungan Hidup dan Kehutanan;(blank);Penetapan Hutan Produksi;Pemetaan;121.7365686;-4.158084104
SULAWESI UTARA;BOLAANG MONGONDOW;LOLAK;LOLAK II;7101122018;Serikat Petani Minahasa (SPM);pertanian, pemukiman;Tanah Terlantar Bekas HGU;Perusahaan Perkebunan Swasta;PT. Mongondow Indah;HGU Habis Perkebunan Swasta;Pengorganisasian;124.0671046;0.831696164
SULAWESI UTARA;MINAHASA SELATAN;TENGA;SAPA;7105092010;Serikat Petani Minahasa Selatan (SPMS);pertanian, pemukiman;Tanah Terlantar Bekas HGU;Perusahaan Perkebunan Swasta;PT. Batu Kapal;HGU Habis Perkebunan Swasta;Pemetaan;124.3967973;1.160029826
SULAWESI UTARA;MINAHASA TENGGARA;BELANG;MANGKIT;7107032001;Serikat Petani Minahasa Tenggara (SPMT);pertanian, pemukiman;Tanah Terlantar Bekas HGU;Perusahaan Perkebunan Swasta;PT. Asiatik;HGU Habis Perkebunan Swasta;Pengorganisasian;124.7665969;0.931606224
SUMATERA BARAT;PASAMAN BARAT;PASAMAN;AIA GADANG;1312032006;Konsorsium Pembaruan Agraria;perkebunan;Tanah Terlantar Bekas HGU;Perusahaan Perkebunan Swasta;PT. Anam Koto;HGU Aktif Perkebunan Swasta;Identifikasi;99.78902329;0.15802376
SUMATERA SELATAN;MUSI RAWAS;MUARA LAKITAN;SEMANGUS;1605022002;AMAN Sumsel, Walhi Sumsel;perkebunan;Tanah Hak Milik Transmigrasi;Perusahaan Kehutanan Swasta;PT. Musi Hutan Persada;Konsesi Hutan Produksi;Pemetaan;103.5772009;-3.297116022
SUMATERA UTARA;DELI SERDANG;BATANG KUIS;MESJID;1207272010;Badan Perjuangan Rakyat Penungu Indonesia (BPRPI);Pertanian, Perkebunan dan Pemukiman;Tanah Adat;Perusahaan Perkebunan Negara;PT. Perkebunan Nusantara II;HGU Aktif Perkebunan Negara;Pemetaan;98.83480558;3.660622609
SUMATERA UTARA;DELI SERDANG;BATANG KUIS;SUGIHARJO;1207272011;Badan Perjuangan Rakyat Penungu Indonesia (BPRPI);Pertanian, Perkebunan dan Pemukiman;Tanah Adat;Perusahaan Perkebunan Negara;PT. Perkebunan Nusantara II;HGU Aktif Perkebunan Negara;Redistribusi;98.81486842;3.660631136
SUMATERA UTARA;DELI SERDANG;BERINGIN;BERINGIN;1207332007;Badan Perjuangan Rakyat Penungu Indonesia (BPRPI);Pertanian, Perkebunan dan Pemukiman;Tanah Adat;Perusahaan Perkebunan Negara;PT. Perkebunan Nusantara II;HGU Aktif Perkebunan Negara;Identifikasi;98.87715951;3.639411712
SUMATERA UTARA;DELI SERDANG;HAMPARAN PERAK;KLAMBIR;1207242007;Badan Perjuangan Rakyat Penungu Indonesia (BPRPI);Pertanian, Perkebunan dan Pemukiman;Tanah Adat;Perusahaan Perkebunan Negara;PT. Perkebunan Nusantara II;HGU Aktif Perkebunan Negara;Pengorganisasian;98.57493592;3.748934188
SUMATERA UTARA;DELI SERDANG;PATUMBAK;SIGARA GARA;1207212005;Badan Perjuangan Rakyat Penungu Indonesia (BPRPI);Pertanian, Perkebunan dan Pemukiman;Tanah Adat;Perusahaan Perkebunan Negara;PT. Perkebunan Nusantara II;HGU Aktif Perkebunan Negara;Redistribusi;98.73641709;3.518268128
SUMATERA UTARA;HUMBANG HASUNDUTAN;POLLUNG;POLLUNG;1216022003;Kelompok Studi dan Pengembangan Prakarsa Masyarakat (KSPPM);Perkampungan, perladangan, dan persawahan;Tanah Adat;Perusahaan Kehutanan Swasta;PT. Toba Pulp Lestari;Penunjukan Kawasan Hutan;Pemetaan;98.7279589;2.340479522
SUMATERA UTARA;LANGKAT;SECANGGANG;CINTA RAJA;1205092003;Badan Perjuangan Rakyat Penungu Indonesia (BPRPI);Pertanian, Perkebunan dan Pemukiman;Tanah Adat;Perusahaan Perkebunan Negara;PT. Perkebunan Nusantara II;HGU Aktif Perkebunan Negara;Identifikasi;98.49222171;3.838672232
SUMATERA UTARA;LANGKAT;SECANGGANG;KARANG GADING;1205092010;Badan Perjuangan Rakyat Penungu Indonesia (BPRPI);Pertanian, Perkebunan dan Pemukiman;Tanah Adat;Perusahaan Perkebunan Negara;PT. Perkebunan Nusantara II;HGU Aktif Perkebunan Negara;Pengorganisasian;98.56551618;3.839087526
SUMATERA UTARA;LANGKAT;SECANGGANG;KWALA BESAR;1205092014;Badan Perjuangan Rakyat Penungu Indonesia (BPRPI);Pertanian, Perkebunan dan Pemukiman;Tanah Adat;Perusahaan Perkebunan Negara;PT. Perkebunan Nusantara II;HGU Aktif Perkebunan Negara;Pengorganisasian;98.62590372;3.897256715
SUMATERA UTARA;LANGKAT;SECANGGANG;SECANGGANG;1205092008;Badan Perjuangan Rakyat Penungu Indonesia (BPRPI);Pertanian, Perkebunan dan Pemukiman;Tanah Adat;Perusahaan Perkebunan Negara;PT. Perkebunan Nusantara II;HGU Aktif Perkebunan Negara;Pemetaan;98.53875616;3.856170508
SUMATERA UTARA;LANGKAT;SECANGGANG;TELUK;1205092002;Badan Perjuangan Rakyat Penungu Indonesia (BPRPI);Pertanian, Perkebunan dan Pemukiman;Tanah Adat;Perusahaan Perkebunan Negara;PT. Perkebunan Nusantara II;HGU Aktif Perkebunan Negara;Redistribusi;98.51686076;3.809489034
SUMATERA UTARA;LANGKAT;SELESAI;MANCANG;1205062011;Badan Perjuangan Rakyat Penungu Indonesia (BPRPI);Pertanian, Perkebunan dan Pemukiman;Tanah Adat;Perusahaan Perkebunan Negara;PT. Perkebunan Nusantara II;HGU Aktif Perkebunan Negara;Pengorganisasian;98.42139497;3.647829544
SUMATERA UTARA;LANGKAT;SELESAI;SEI LIMBAT;1205062002;Badan Perjuangan Rakyat Penungu Indonesia (BPRPI);Pertanian, Perkebunan dan Pemukiman;Tanah Adat;Perusahaan Perkebunan Negara;PT. Perkebunan Nusantara II;HGU Aktif Perkebunan Negara;Pemetaan;98.43184053;3.624163811
SUMATERA UTARA;LANGKAT;WAMPU;GOHOR LAMA;1205082002;Badan Perjuangan Rakyat Penungu Indonesia (BPRPI);Pertanian, Perkebunan dan Pemukiman;Tanah Adat;Perusahaan Perkebunan Negara;PT. Perkebunan Nusantara II;HGU Aktif Perkebunan Negara;Pengorganisasian;98.3860412;3.759895226
SUMATERA UTARA;LANGKAT;WAMPU;PERTUMBUKAN;1205082010;Badan Perjuangan Rakyat Penungu Indonesia (BPRPI);Pertanian, Perkebunan dan Pemukiman;Tanah Adat;Perusahaan Perkebunan Negara;PT. Perkebunan Nusantara II;HGU Aktif Perkebunan Negara;Pemetaan;98.39413256;3.719099707
SUMATERA UTARA;MANDAILING NATAL;NATAL;BINTUAS;1213162002;Konsorsium Pembaruan Agraria;Pertanian;Tanah HGU Aktif;Perusahaan Perkebunan Swasta;"PT. Rimba Mujur Mahkota
 PT. Dinamika Inti Sentosa";HGU Aktif Perkebunan Swasta;Identifikasi;99.07916978;0.698225032
SUMATERA UTARA;SAMOSIR;PALIPI;PALIPI;1217042004;Kelompok Studi dan Pengembangan Prakarsa Masyarakat (KSPPM);perkampungan dan perladangan;Tanah Adat;Perusahaan Kehutanan Swasta;PT. Toba Pulp Lestari;Konsesi Hutan Produksi;Pemetaan;98.79683261;2.510862525
SUMATERA UTARA;SAMOSIR;RONGGUR NIHUTA;SIJAMBUR;1217072008;Kelompok Studi dan Pengembangan Prakarsa Masyarakat (KSPPM);perkampungan, perladangan, persawahan, dan tempat penggembalaan ternak;Tanah Adat;Kementerian Lingkungan Hidup dan Kehutanan;Balai Konservasi Sumber Daya Alam;Penetapan Hutan Lindung;Redistribusi;98.7923751;2.624731675
SUMATERA UTARA;SERDANG BEDAGAI;PEGAJAHAN;BINGKAT;1218142002;Serikat Petani Serdang Bedagai (SPSB);pemukiman dan lahan tanaman keras dan palawija;Tanah Terlantar Bekas HGU;Perusahaan Perkebunan Negara;PT. Perkebunan Nusantara II;HGU Habis Perkebunan Negara;Identifikasi;98.95619625;3.480825607
SUMATERA UTARA;SIMALUNGUN;SIANTAR;SILAMPUYANG;1208012001;FUTASI;perkebunan;Tanah Terlantar Bekas HGU;Perusahaan Perkebunan Negara;PT. Perkebunan Nusantara IV;HGU Aktif Perkebunan Negara;Redistribusi;99.07068314;2.906237766